vacancy-name,salary,link
PHP-программист,от 70 000 руб.,https://rostov.hh.ru/vacancy/28717482?query=%D0%BF%D1%80%D0%BE%D0%B3%D1%80%D0%B0%D0%BC%D0%BC%D0%B8%D1%81%D1%82
Программист PHP,80 000-120 000 руб.,https://rostov.hh.ru/vacancy/28876464?query=%D0%BF%D1%80%D0%BE%D0%B3%D1%80%D0%B0%D0%BC%D0%BC%D0%B8%D1%81%D1%82
Delphi разработчик,60 000-100 000 руб.,https://rostov.hh.ru/vacancy/28876411?query=%D0%BF%D1%80%D0%BE%D0%B3%D1%80%D0%B0%D0%BC%D0%BC%D0%B8%D1%81%D1%82
Delphi разработчик (Senior),100 000-150 000 руб.,https://rostov.hh.ru/vacancy/28876377?query=%D0%BF%D1%80%D0%BE%D0%B3%D1%80%D0%B0%D0%BC%D0%BC%D0%B8%D1%81%D1%82
Веб-программист,130 000-180 000 руб.,https://rostov.hh.ru/vacancy/28626639?query=%D0%BF%D1%80%D0%BE%D0%B3%D1%80%D0%B0%D0%BC%D0%BC%D0%B8%D1%81%D1%82
Программист 1C,40 000-70 000 руб.,https://rostov.hh.ru/vacancy/28909494?query=%D0%BF%D1%80%D0%BE%D0%B3%D1%80%D0%B0%D0%BC%D0%BC%D0%B8%D1%81%D1%82
Программист 1С ERP,до 150 000 руб.,https://rostov.hh.ru/vacancy/28613109?query=%D0%BF%D1%80%D0%BE%D0%B3%D1%80%D0%B0%D0%BC%D0%BC%D0%B8%D1%81%D1%82
Программист 1С,от 100 000 руб.,https://rostov.hh.ru/vacancy/28807546?query=%D0%BF%D1%80%D0%BE%D0%B3%D1%80%D0%B0%D0%BC%D0%BC%D0%B8%D1%81%D1%82
Программист С#,,https://rostov.hh.ru/vacancy/27507325?query=%D0%BF%D1%80%D0%BE%D0%B3%D1%80%D0%B0%D0%BC%D0%BC%D0%B8%D1%81%D1%82
"Программист PHP, JS Битрикс24 (стажер/junior)",от 20 000 руб.,https://career.ru/vacancy/28999255?query=%D0%BF%D1%80%D0%BE%D0%B3%D1%80%D0%B0%D0%BC%D0%BC%D0%B8%D1%81%D1%82
Программист,40 000-80 000 руб.,https://rostov.hh.ru/vacancy/28394486?query=%D0%BF%D1%80%D0%BE%D0%B3%D1%80%D0%B0%D0%BC%D0%BC%D0%B8%D1%81%D1%82
Программист CMS 1С-Битрикс (Bitrix) / CRM Битрикс24,50 000-100 000 руб.,https://rostov.hh.ru/vacancy/28373895?query=%D0%BF%D1%80%D0%BE%D0%B3%D1%80%D0%B0%D0%BC%D0%BC%D0%B8%D1%81%D1%82
Программист 1С,,https://rostov.hh.ru/vacancy/28516447?query=%D0%BF%D1%80%D0%BE%D0%B3%D1%80%D0%B0%D0%BC%D0%BC%D0%B8%D1%81%D1%82
Программист 1С,70 000-120 000 руб.,https://rostov.hh.ru/vacancy/28893411?query=%D0%BF%D1%80%D0%BE%D0%B3%D1%80%D0%B0%D0%BC%D0%BC%D0%B8%D1%81%D1%82
Программист JS/PHP,60 000-90 000 руб.,https://rostov.hh.ru/vacancy/28807465?query=%D0%BF%D1%80%D0%BE%D0%B3%D1%80%D0%B0%D0%BC%D0%BC%D0%B8%D1%81%D1%82
Разработчик PowerBuilder & Pl/sql,,https://rostov.hh.ru/vacancy/28540164?query=%D0%BF%D1%80%D0%BE%D0%B3%D1%80%D0%B0%D0%BC%D0%BC%D0%B8%D1%81%D1%82
Разработчик C++/Qt/QML,,https://rostov.hh.ru/vacancy/28867702?query=%D0%BF%D1%80%D0%BE%D0%B3%D1%80%D0%B0%D0%BC%D0%BC%D0%B8%D1%81%D1%82
Программист 1С,30 000-100 000 руб.,https://rostov.hh.ru/vacancy/28646614?query=%D0%BF%D1%80%D0%BE%D0%B3%D1%80%D0%B0%D0%BC%D0%BC%D0%B8%D1%81%D1%82
Веб-программист / Web programmer,35 000-50 000 руб.,https://rostov.hh.ru/vacancy/28934653?query=%D0%BF%D1%80%D0%BE%D0%B3%D1%80%D0%B0%D0%BC%D0%BC%D0%B8%D1%81%D1%82
.Net Junior web developer,от 20 500 руб.,https://rostov.hh.ru/vacancy/28815304?query=%D0%BF%D1%80%D0%BE%D0%B3%D1%80%D0%B0%D0%BC%D0%BC%D0%B8%D1%81%D1%82
Senior разработчик Oracle E-Business Suite,,https://rostov.hh.ru/vacancy/28540255?query=%D0%BF%D1%80%D0%BE%D0%B3%D1%80%D0%B0%D0%BC%D0%BC%D0%B8%D1%81%D1%82
Программист Java,от 80 000 руб.,https://rostov.hh.ru/vacancy/28783581?query=%D0%BF%D1%80%D0%BE%D0%B3%D1%80%D0%B0%D0%BC%D0%BC%D0%B8%D1%81%D1%82
Программист PHP (1С-Битрикс),от 50 000 руб.,https://rostov.hh.ru/vacancy/28807773?query=%D0%BF%D1%80%D0%BE%D0%B3%D1%80%D0%B0%D0%BC%D0%BC%D0%B8%D1%81%D1%82
Программист 1С,,https://rostov.hh.ru/vacancy/27268738?query=%D0%BF%D1%80%D0%BE%D0%B3%D1%80%D0%B0%D0%BC%D0%BC%D0%B8%D1%81%D1%82
NetSuite junior developer,,https://rostov.hh.ru/vacancy/28540270?query=%D0%BF%D1%80%D0%BE%D0%B3%D1%80%D0%B0%D0%BC%D0%BC%D0%B8%D1%81%D1%82
Инженер программист PYTHON,75 000-75 000 руб.,https://rostov.hh.ru/vacancy/27579315?query=%D0%BF%D1%80%D0%BE%D0%B3%D1%80%D0%B0%D0%BC%D0%BC%D0%B8%D1%81%D1%82
Программист 1С,,https://rostov.hh.ru/vacancy/28771364?query=%D0%BF%D1%80%D0%BE%D0%B3%D1%80%D0%B0%D0%BC%D0%BC%D0%B8%D1%81%D1%82
Программист 1C,от 65 000 руб.,https://rostov.hh.ru/vacancy/28986026?query=%D0%BF%D1%80%D0%BE%D0%B3%D1%80%D0%B0%D0%BC%D0%BC%D0%B8%D1%81%D1%82
SalesForce junior developer,,https://rostov.hh.ru/vacancy/28540285?query=%D0%BF%D1%80%D0%BE%D0%B3%D1%80%D0%B0%D0%BC%D0%BC%D0%B8%D1%81%D1%82
1С Программист,,https://rostov.hh.ru/vacancy/28891798?query=%D0%BF%D1%80%D0%BE%D0%B3%D1%80%D0%B0%D0%BC%D0%BC%D0%B8%D1%81%D1%82
"Программист PHP (Yii, Laravel, Symfony)",от 60 000 руб.,https://rostov.hh.ru/vacancy/28807775?query=%D0%BF%D1%80%D0%BE%D0%B3%D1%80%D0%B0%D0%BC%D0%BC%D0%B8%D1%81%D1%82
Программист,от 40 000 руб.,https://rostov.hh.ru/vacancy/20287261?query=%D0%BF%D1%80%D0%BE%D0%B3%D1%80%D0%B0%D0%BC%D0%BC%D0%B8%D1%81%D1%82
Разработчик React Native,от 70 000 руб.,https://rostov.hh.ru/vacancy/28893675?query=%D0%BF%D1%80%D0%BE%D0%B3%D1%80%D0%B0%D0%BC%D0%BC%D0%B8%D1%81%D1%82
Senior Java developer,от 2 000 USD,https://rostov.hh.ru/vacancy/28483252?query=%D0%BF%D1%80%D0%BE%D0%B3%D1%80%D0%B0%D0%BC%D0%BC%D0%B8%D1%81%D1%82
Консультант-разработчик (junior),20 500-80 000 руб.,https://career.ru/vacancy/27832923?query=%D0%BF%D1%80%D0%BE%D0%B3%D1%80%D0%B0%D0%BC%D0%BC%D0%B8%D1%81%D1%82
Веб-программист - ведущий разработчик проекта,от 75 000 руб.,https://rostov.hh.ru/vacancy/28674383?query=%D0%BF%D1%80%D0%BE%D0%B3%D1%80%D0%B0%D0%BC%D0%BC%D0%B8%D1%81%D1%82
Аналитик-разработчик по направлению банковские карты,,https://rostov.hh.ru/vacancy/28827701?query=%D0%BF%D1%80%D0%BE%D0%B3%D1%80%D0%B0%D0%BC%D0%BC%D0%B8%D1%81%D1%82
PHP-программист,,https://rostov.hh.ru/vacancy/28293979?query=%D0%BF%D1%80%D0%BE%D0%B3%D1%80%D0%B0%D0%BC%D0%BC%D0%B8%D1%81%D1%82
SQL Developer,до 50 000 руб.,https://rostov.hh.ru/vacancy/28465543?query=%D0%BF%D1%80%D0%BE%D0%B3%D1%80%D0%B0%D0%BC%D0%BC%D0%B8%D1%81%D1%82
Android разработчик,40 000-70 000 руб.,https://rostov.hh.ru/vacancy/28552350?query=%D0%BF%D1%80%D0%BE%D0%B3%D1%80%D0%B0%D0%BC%D0%BC%D0%B8%D1%81%D1%82
Разработчик MS SQL баз данных,,https://rostov.hh.ru/vacancy/28467786?query=%D0%BF%D1%80%D0%BE%D0%B3%D1%80%D0%B0%D0%BC%D0%BC%D0%B8%D1%81%D1%82
Разработчик/Программист 1 С,60 000-100 000 руб.,https://rostov.hh.ru/vacancy/28589882?query=%D0%BF%D1%80%D0%BE%D0%B3%D1%80%D0%B0%D0%BC%D0%BC%D0%B8%D1%81%D1%82
HTML-Верстальщик (Веб-Программист),25 000-80 000 руб.,https://career.ru/vacancy/28984158?query=%D0%BF%D1%80%D0%BE%D0%B3%D1%80%D0%B0%D0%BC%D0%BC%D0%B8%D1%81%D1%82
Разработчик Angular / Angular developer,120 000-180 000 руб.,https://rostov.hh.ru/vacancy/28653907?query=%D0%BF%D1%80%D0%BE%D0%B3%D1%80%D0%B0%D0%BC%D0%BC%D0%B8%D1%81%D1%82
FullStack разработчик,100 000-150 000 руб.,https://rostov.hh.ru/vacancy/28568615?query=%D0%BF%D1%80%D0%BE%D0%B3%D1%80%D0%B0%D0%BC%D0%BC%D0%B8%D1%81%D1%82
Backend-разработчик,от 60 000 руб.,https://rostov.hh.ru/vacancy/28999333?query=%D0%BF%D1%80%D0%BE%D0%B3%D1%80%D0%B0%D0%BC%D0%BC%D0%B8%D1%81%D1%82
Разработчик Oracle OEBS,,https://rostov.hh.ru/vacancy/28945992?query=%D0%BF%D1%80%D0%BE%D0%B3%D1%80%D0%B0%D0%BC%D0%BC%D0%B8%D1%81%D1%82
Программист 1C,от 80 000 руб.,https://rostov.hh.ru/vacancy/27124074?query=%D0%BF%D1%80%D0%BE%D0%B3%D1%80%D0%B0%D0%BC%D0%BC%D0%B8%D1%81%D1%82
Программист 1С,,https://rostov.hh.ru/vacancy/27307266?query=%D0%BF%D1%80%D0%BE%D0%B3%D1%80%D0%B0%D0%BC%D0%BC%D0%B8%D1%81%D1%82
Ведущий программист С# (Unity 3D),120 000-200 000 руб.,https://rostov.hh.ru/vacancy/25931766?query=%D0%BF%D1%80%D0%BE%D0%B3%D1%80%D0%B0%D0%BC%D0%BC%D0%B8%D1%81%D1%82
Frontend-разработчик (AngularJS / Angular),от 80 000 руб.,https://rostov.hh.ru/vacancy/28783569?query=%D0%BF%D1%80%D0%BE%D0%B3%D1%80%D0%B0%D0%BC%D0%BC%D0%B8%D1%81%D1%82
Программист 1 С,,https://rostov.hh.ru/vacancy/28047375?query=%D0%BF%D1%80%D0%BE%D0%B3%D1%80%D0%B0%D0%BC%D0%BC%D0%B8%D1%81%D1%82
Программист 1C,от 65 000 руб.,https://rostov.hh.ru/vacancy/28961499?query=%D0%BF%D1%80%D0%BE%D0%B3%D1%80%D0%B0%D0%BC%D0%BC%D0%B8%D1%81%D1%82
Ведущий программист 1С,от 75 000 руб.,https://rostov.hh.ru/vacancy/27734761?query=%D0%BF%D1%80%D0%BE%D0%B3%D1%80%D0%B0%D0%BC%D0%BC%D0%B8%D1%81%D1%82
Frontend-разработчик,от 60 000 руб.,https://rostov.hh.ru/vacancy/28999294?query=%D0%BF%D1%80%D0%BE%D0%B3%D1%80%D0%B0%D0%BC%D0%BC%D0%B8%D1%81%D1%82
Senior SQL Developer,,https://rostov.hh.ru/vacancy/28430021?query=%D0%BF%D1%80%D0%BE%D0%B3%D1%80%D0%B0%D0%BC%D0%BC%D0%B8%D1%81%D1%82
Android Developer,от 100 000 руб.,https://rostov.hh.ru/vacancy/28154993?query=%D0%BF%D1%80%D0%BE%D0%B3%D1%80%D0%B0%D0%BC%D0%BC%D0%B8%D1%81%D1%82
Программист С# (Unity 3D) /middle,50 000-70 000 руб.,https://rostov.hh.ru/vacancy/27059774?query=%D0%BF%D1%80%D0%BE%D0%B3%D1%80%D0%B0%D0%BC%D0%BC%D0%B8%D1%81%D1%82
Senior Front-end (React.JS) developer,,https://rostov.hh.ru/vacancy/28990803?query=%D0%BF%D1%80%D0%BE%D0%B3%D1%80%D0%B0%D0%BC%D0%BC%D0%B8%D1%81%D1%82
Программист 1С (стажер),16 000-25 000 руб.,https://career.ru/vacancy/27510336?query=%D0%BF%D1%80%D0%BE%D0%B3%D1%80%D0%B0%D0%BC%D0%BC%D0%B8%D1%81%D1%82
Инженер-программист,30 000-35 000 руб.,https://rostov.hh.ru/vacancy/28959434?query=%D0%BF%D1%80%D0%BE%D0%B3%D1%80%D0%B0%D0%BC%D0%BC%D0%B8%D1%81%D1%82
Web разработчик,,https://career.ru/vacancy/28623909?query=%D0%BF%D1%80%D0%BE%D0%B3%D1%80%D0%B0%D0%BC%D0%BC%D0%B8%D1%81%D1%82
JavaScript/React Developer,100 000-100 000 руб.,https://rostov.hh.ru/vacancy/28174951?query=%D0%BF%D1%80%D0%BE%D0%B3%D1%80%D0%B0%D0%BC%D0%BC%D0%B8%D1%81%D1%82
Frontend-разработчик (ReactJS),от 80 000 руб.,https://rostov.hh.ru/vacancy/28783593?query=%D0%BF%D1%80%D0%BE%D0%B3%D1%80%D0%B0%D0%BC%D0%BC%D0%B8%D1%81%D1%82
Программист разработчик (Senior Java Developer),120 000-140 000 руб.,https://rostov.hh.ru/vacancy/28425823?query=%D0%BF%D1%80%D0%BE%D0%B3%D1%80%D0%B0%D0%BC%D0%BC%D0%B8%D1%81%D1%82
Программист разработчик (Middle Java Developer),80 000-100 000 руб.,https://rostov.hh.ru/vacancy/28425415?query=%D0%BF%D1%80%D0%BE%D0%B3%D1%80%D0%B0%D0%BC%D0%BC%D0%B8%D1%81%D1%82
Программист разработчик (Front-end Developer),80 000-100 000 руб.,https://career.ru/vacancy/28426359?query=%D0%BF%D1%80%D0%BE%D0%B3%D1%80%D0%B0%D0%BC%D0%BC%D0%B8%D1%81%D1%82
Программист 1С,,https://rostov.hh.ru/vacancy/28934767?query=%D0%BF%D1%80%D0%BE%D0%B3%D1%80%D0%B0%D0%BC%D0%BC%D0%B8%D1%81%D1%82
Программист разработчик (Senior Front-end Developer),120 000-140 000 руб.,https://rostov.hh.ru/vacancy/28426504?query=%D0%BF%D1%80%D0%BE%D0%B3%D1%80%D0%B0%D0%BC%D0%BC%D0%B8%D1%81%D1%82
Ведущий инженер-программист,55 000-60 000 руб.,https://rostov.hh.ru/vacancy/28959760?query=%D0%BF%D1%80%D0%BE%D0%B3%D1%80%D0%B0%D0%BC%D0%BC%D0%B8%D1%81%D1%82
.net разработчик,до 100 000 руб.,https://career.ru/vacancy/26299101?query=%D0%BF%D1%80%D0%BE%D0%B3%D1%80%D0%B0%D0%BC%D0%BC%D0%B8%D1%81%D1%82
Junior ETL-developer,,https://career.ru/vacancy/27521348?query=%D0%BF%D1%80%D0%BE%D0%B3%D1%80%D0%B0%D0%BC%D0%BC%D0%B8%D1%81%D1%82
Инженер-программист ПЛИС 1 категории,45 000-55 000 руб.,https://rostov.hh.ru/vacancy/28959676?query=%D0%BF%D1%80%D0%BE%D0%B3%D1%80%D0%B0%D0%BC%D0%BC%D0%B8%D1%81%D1%82
Инженер-программист ПЛИС 2 категории,35 000-45 000 руб.,https://rostov.hh.ru/vacancy/28959571?query=%D0%BF%D1%80%D0%BE%D0%B3%D1%80%D0%B0%D0%BC%D0%BC%D0%B8%D1%81%D1%82
Программист,от 50 000 руб.,https://rostov.hh.ru/vacancy/28917248?query=%D0%BF%D1%80%D0%BE%D0%B3%D1%80%D0%B0%D0%BC%D0%BC%D0%B8%D1%81%D1%82
Конструктор-разработчик РЭА,,https://rostov.hh.ru/vacancy/28987934?query=%D0%BF%D1%80%D0%BE%D0%B3%D1%80%D0%B0%D0%BC%D0%BC%D0%B8%D1%81%D1%82
Разработчик Unity,,https://rostov.hh.ru/vacancy/28030503?query=%D0%BF%D1%80%D0%BE%D0%B3%D1%80%D0%B0%D0%BC%D0%BC%D0%B8%D1%81%D1%82
Инженер-программист 1 C ЗУП,,https://rostov.hh.ru/vacancy/28937582?query=%D0%BF%D1%80%D0%BE%D0%B3%D1%80%D0%B0%D0%BC%D0%BC%D0%B8%D1%81%D1%82
Web-разработчик,от 45 000 руб.,https://rostov.hh.ru/vacancy/28965950?query=%D0%BF%D1%80%D0%BE%D0%B3%D1%80%D0%B0%D0%BC%D0%BC%D0%B8%D1%81%D1%82
Инженер-программист ПЛИС,25 000-35 000 руб.,https://rostov.hh.ru/vacancy/28955066?query=%D0%BF%D1%80%D0%BE%D0%B3%D1%80%D0%B0%D0%BC%D0%BC%D0%B8%D1%81%D1%82
Web-разработчик,от 50 000 руб.,https://rostov.hh.ru/vacancy/28959622?query=%D0%BF%D1%80%D0%BE%D0%B3%D1%80%D0%B0%D0%BC%D0%BC%D0%B8%D1%81%D1%82
Java Developer,,https://rostov.hh.ru/vacancy/28976463?query=%D0%BF%D1%80%D0%BE%D0%B3%D1%80%D0%B0%D0%BC%D0%BC%D0%B8%D1%81%D1%82
Web - разработчик,от 20 000 руб.,https://career.ru/vacancy/28665187?query=%D0%BF%D1%80%D0%BE%D0%B3%D1%80%D0%B0%D0%BC%D0%BC%D0%B8%D1%81%D1%82
IOS разработчик,,https://career.ru/vacancy/26447062?query=%D0%BF%D1%80%D0%BE%D0%B3%D1%80%D0%B0%D0%BC%D0%BC%D0%B8%D1%81%D1%82
Программист 1С,,https://rostov.hh.ru/vacancy/28548651?query=%D0%BF%D1%80%D0%BE%D0%B3%D1%80%D0%B0%D0%BC%D0%BC%D0%B8%D1%81%D1%82
Backend PHP Developer,,https://rostov.hh.ru/vacancy/28973845?query=%D0%BF%D1%80%D0%BE%D0%B3%D1%80%D0%B0%D0%BC%D0%BC%D0%B8%D1%81%D1%82
PHP-программист (разработчик) YII/Битрикс(Bitrix),от 56 000 руб.,https://rostov.hh.ru/vacancy/28905764?query=%D0%BF%D1%80%D0%BE%D0%B3%D1%80%D0%B0%D0%BC%D0%BC%D0%B8%D1%81%D1%82
Программист 1С,,https://rostov.hh.ru/vacancy/27680585?query=%D0%BF%D1%80%D0%BE%D0%B3%D1%80%D0%B0%D0%BC%D0%BC%D0%B8%D1%81%D1%82
Java программист (стажер),,https://career.ru/vacancy/25322205?query=%D0%BF%D1%80%D0%BE%D0%B3%D1%80%D0%B0%D0%BC%D0%BC%D0%B8%D1%81%D1%82
C#/.NET Developer,55 000-80 000 руб.,https://rostov.hh.ru/vacancy/28956683?query=%D0%BF%D1%80%D0%BE%D0%B3%D1%80%D0%B0%D0%BC%D0%BC%D0%B8%D1%81%D1%82
Senior PHP developer (PHP-разработчик),,https://rostov.hh.ru/vacancy/28948924?query=%D0%BF%D1%80%D0%BE%D0%B3%D1%80%D0%B0%D0%BC%D0%BC%D0%B8%D1%81%D1%82
IOS developer,,https://rostov.hh.ru/vacancy/28748389?query=%D0%BF%D1%80%D0%BE%D0%B3%D1%80%D0%B0%D0%BC%D0%BC%D0%B8%D1%81%D1%82
Программист 1С,до 60 000 руб.,https://rostov.hh.ru/vacancy/27490999?query=%D0%BF%D1%80%D0%BE%D0%B3%D1%80%D0%B0%D0%BC%D0%BC%D0%B8%D1%81%D1%82
Ruby on Rails backend developer / программист-разработчик,от 80 000 руб.,https://rostov.hh.ru/vacancy/28682354?query=%D0%BF%D1%80%D0%BE%D0%B3%D1%80%D0%B0%D0%BC%D0%BC%D0%B8%D1%81%D1%82
Программист,,https://rostov.hh.ru/vacancy/26377729?query=%D0%BF%D1%80%D0%BE%D0%B3%D1%80%D0%B0%D0%BC%D0%BC%D0%B8%D1%81%D1%82
Программист C#,50 000-70 000 руб.,https://rostov.hh.ru/vacancy/28893684?query=%D0%BF%D1%80%D0%BE%D0%B3%D1%80%D0%B0%D0%BC%D0%BC%D0%B8%D1%81%D1%82
Программист 1С стажёр,25 000-45 000 руб.,https://rostov.hh.ru/vacancy/28827664?query=%D0%BF%D1%80%D0%BE%D0%B3%D1%80%D0%B0%D0%BC%D0%BC%D0%B8%D1%81%D1%82
Ведущий программист,,https://rostov.hh.ru/vacancy/28203097?query=%D0%BF%D1%80%D0%BE%D0%B3%D1%80%D0%B0%D0%BC%D0%BC%D0%B8%D1%81%D1%82
Разработчик ERP-системы (MS Axapta),30 000-100 000 руб.,https://rostov.hh.ru/vacancy/26304518?query=%D0%BF%D1%80%D0%BE%D0%B3%D1%80%D0%B0%D0%BC%D0%BC%D0%B8%D1%81%D1%82
PHP-программист,30 000-50 000 руб.,https://rostov.hh.ru/vacancy/27936072?query=%D0%BF%D1%80%D0%BE%D0%B3%D1%80%D0%B0%D0%BC%D0%BC%D0%B8%D1%81%D1%82
Программист SQL,,https://rostov.hh.ru/vacancy/28881513?query=%D0%BF%D1%80%D0%BE%D0%B3%D1%80%D0%B0%D0%BC%D0%BC%D0%B8%D1%81%D1%82
Программист PHP,30 000-60 000 руб.,https://rostov.hh.ru/vacancy/28893769?query=%D0%BF%D1%80%D0%BE%D0%B3%D1%80%D0%B0%D0%BC%D0%BC%D0%B8%D1%81%D1%82
Программист Python (Middle/Senior),от 120 000 руб.,https://rostov.hh.ru/vacancy/28921888?query=%D0%BF%D1%80%D0%BE%D0%B3%D1%80%D0%B0%D0%BC%D0%BC%D0%B8%D1%81%D1%82
Разработчик Directum,,https://rostov.hh.ru/vacancy/26298185?query=%D0%BF%D1%80%D0%BE%D0%B3%D1%80%D0%B0%D0%BC%D0%BC%D0%B8%D1%81%D1%82
Senior PHP (partially Python) Developer,,https://rostov.hh.ru/vacancy/28955536?query=%D0%BF%D1%80%D0%BE%D0%B3%D1%80%D0%B0%D0%BC%D0%BC%D0%B8%D1%81%D1%82
Разработчик систем видеоаналитики,,https://rostov.hh.ru/vacancy/28360328?query=%D0%BF%D1%80%D0%BE%D0%B3%D1%80%D0%B0%D0%BC%D0%BC%D0%B8%D1%81%D1%82
Фуллстек веб-разработчик (PHP/JavaScript/HTML/CSS),40 000-80 000 руб.,https://rostov.hh.ru/vacancy/28928362?query=%D0%BF%D1%80%D0%BE%D0%B3%D1%80%D0%B0%D0%BC%D0%BC%D0%B8%D1%81%D1%82
Программист 1С,40 000-80 000 руб.,https://rostov.hh.ru/vacancy/19099417?query=%D0%BF%D1%80%D0%BE%D0%B3%D1%80%D0%B0%D0%BC%D0%BC%D0%B8%D1%81%D1%82
Программист 1С,от 60 000 руб.,https://rostov.hh.ru/vacancy/27286606?query=%D0%BF%D1%80%D0%BE%D0%B3%D1%80%D0%B0%D0%BC%D0%BC%D0%B8%D1%81%D1%82
Программист PHP junior,20 000-40 000 руб.,https://rostov.hh.ru/vacancy/28904484?query=%D0%BF%D1%80%D0%BE%D0%B3%D1%80%D0%B0%D0%BC%D0%BC%D0%B8%D1%81%D1%82
"Backend разработчик (php,yii)",75 000-90 000 руб.,https://rostov.hh.ru/vacancy/28461543?query=%D0%BF%D1%80%D0%BE%D0%B3%D1%80%D0%B0%D0%BC%D0%BC%D0%B8%D1%81%D1%82
Java to Scala разработчик,,https://rostov.hh.ru/vacancy/27553571?query=%D0%BF%D1%80%D0%BE%D0%B3%D1%80%D0%B0%D0%BC%D0%BC%D0%B8%D1%81%D1%82
PHP Backend-разработчик,40 000-90 000 руб.,https://rostov.hh.ru/vacancy/28380643?query=%D0%BF%D1%80%D0%BE%D0%B3%D1%80%D0%B0%D0%BC%D0%BC%D0%B8%D1%81%D1%82
JavaScript разработчик,,https://rostov.hh.ru/vacancy/28301419?query=%D0%BF%D1%80%D0%BE%D0%B3%D1%80%D0%B0%D0%BC%D0%BC%D0%B8%D1%81%D1%82
Начинающий программист 1С,,https://career.ru/vacancy/28428762?query=%D0%BF%D1%80%D0%BE%D0%B3%D1%80%D0%B0%D0%BC%D0%BC%D0%B8%D1%81%D1%82
Программист-стажер 1С,16 000-25 000 руб.,https://career.ru/vacancy/28741999?query=%D0%BF%D1%80%D0%BE%D0%B3%D1%80%D0%B0%D0%BC%D0%BC%D0%B8%D1%81%D1%82
Инженер-программист,45 000-50 000 руб.,https://rostov.hh.ru/vacancy/28883341?query=%D0%BF%D1%80%D0%BE%D0%B3%D1%80%D0%B0%D0%BC%D0%BC%D0%B8%D1%81%D1%82
Backend разработчик (Scala),от 70 000 руб.,https://rostov.hh.ru/vacancy/25094437?query=%D0%BF%D1%80%D0%BE%D0%B3%D1%80%D0%B0%D0%BC%D0%BC%D0%B8%D1%81%D1%82
Веб-программист-стажер (Junior разработчик),от 23 000 руб.,https://career.ru/vacancy/28846392?query=%D0%BF%D1%80%D0%BE%D0%B3%D1%80%D0%B0%D0%BC%D0%BC%D0%B8%D1%81%D1%82
Старший АВАР-разработчик (SAP),,https://rostov.hh.ru/vacancy/28941935?query=%D0%BF%D1%80%D0%BE%D0%B3%D1%80%D0%B0%D0%BC%D0%BC%D0%B8%D1%81%D1%82
Ведущий Frontend-разработчик JavaScript,,https://rostov.hh.ru/vacancy/27808646?query=%D0%BF%D1%80%D0%BE%D0%B3%D1%80%D0%B0%D0%BC%D0%BC%D0%B8%D1%81%D1%82
Программист ERP,от 40 000 руб.,https://rostov.hh.ru/vacancy/28101806?query=%D0%BF%D1%80%D0%BE%D0%B3%D1%80%D0%B0%D0%BC%D0%BC%D0%B8%D1%81%D1%82
"Ведущий разработчик мобильных приложений (iOs, Android)",,https://rostov.hh.ru/vacancy/27807377?query=%D0%BF%D1%80%D0%BE%D0%B3%D1%80%D0%B0%D0%BC%D0%BC%D0%B8%D1%81%D1%82
Разработчик Data / Разработчик баз данных,,https://rostov.hh.ru/vacancy/27540145?query=%D0%BF%D1%80%D0%BE%D0%B3%D1%80%D0%B0%D0%BC%D0%BC%D0%B8%D1%81%D1%82
Web-разработчик / администратор,,https://rostov.hh.ru/vacancy/28356419?query=%D0%BF%D1%80%D0%BE%D0%B3%D1%80%D0%B0%D0%BC%D0%BC%D0%B8%D1%81%D1%82
Frontend-разработчик,,https://rostov.hh.ru/vacancy/28762463?query=%D0%BF%D1%80%D0%BE%D0%B3%D1%80%D0%B0%D0%BC%D0%BC%D0%B8%D1%81%D1%82
Разработчик 1С,,https://rostov.hh.ru/vacancy/28885316?query=%D0%BF%D1%80%D0%BE%D0%B3%D1%80%D0%B0%D0%BC%D0%BC%D0%B8%D1%81%D1%82
"Frontend-разработчик (JS, Vue, React, Middle)",от 120 000 руб.,https://rostov.hh.ru/vacancy/28922196?query=%D0%BF%D1%80%D0%BE%D0%B3%D1%80%D0%B0%D0%BC%D0%BC%D0%B8%D1%81%D1%82
Frontend developer / фронтэнд разработчик,от 50 000 руб.,https://career.ru/vacancy/28733872?query=%D0%BF%D1%80%D0%BE%D0%B3%D1%80%D0%B0%D0%BC%D0%BC%D0%B8%D1%81%D1%82
Программист 1C 8.3 (проект перехода с 7.7 на 8.3),от 100 000 руб.,https://rostov.hh.ru/vacancy/28896459?query=%D0%BF%D1%80%D0%BE%D0%B3%D1%80%D0%B0%D0%BC%D0%BC%D0%B8%D1%81%D1%82
Junior Java-Web Developer,,https://rostov.hh.ru/vacancy/27953028?query=%D0%BF%D1%80%D0%BE%D0%B3%D1%80%D0%B0%D0%BC%D0%BC%D0%B8%D1%81%D1%82
Web-разработчик,,https://rostov.hh.ru/vacancy/28887070?query=%D0%BF%D1%80%D0%BE%D0%B3%D1%80%D0%B0%D0%BC%D0%BC%D0%B8%D1%81%D1%82
"Программист 1С (проект ""АСД-финанс"")",,https://rostov.hh.ru/vacancy/28903810?query=%D0%BF%D1%80%D0%BE%D0%B3%D1%80%D0%B0%D0%BC%D0%BC%D0%B8%D1%81%D1%82
Front-end разработчик,,https://rostov.hh.ru/vacancy/28760651?query=%D0%BF%D1%80%D0%BE%D0%B3%D1%80%D0%B0%D0%BC%D0%BC%D0%B8%D1%81%D1%82
Frontend/JavaScript Developer,,https://rostov.hh.ru/vacancy/28013447?query=%D0%BF%D1%80%D0%BE%D0%B3%D1%80%D0%B0%D0%BC%D0%BC%D0%B8%D1%81%D1%82
"Инженер-программист (Oracle, pl/sql)",,https://rostov.hh.ru/vacancy/27880749?query=%D0%BF%D1%80%D0%BE%D0%B3%D1%80%D0%B0%D0%BC%D0%BC%D0%B8%D1%81%D1%82
Разработчик PostgreSQL (возможен удаленный формат работы),от 100 000 руб.,https://rostov.hh.ru/vacancy/28570058?query=%D0%BF%D1%80%D0%BE%D0%B3%D1%80%D0%B0%D0%BC%D0%BC%D0%B8%D1%81%D1%82
Frontend-разработчик (верстальщик),,https://rostov.hh.ru/vacancy/26972365?query=%D0%BF%D1%80%D0%BE%D0%B3%D1%80%D0%B0%D0%BC%D0%BC%D0%B8%D1%81%D1%82
Инженер-разработчик,45 000-50 000 руб.,https://rostov.hh.ru/vacancy/28883438?query=%D0%BF%D1%80%D0%BE%D0%B3%D1%80%D0%B0%D0%BC%D0%BC%D0%B8%D1%81%D1%82
Программист 1C,от 65 000 руб.,https://rostov.hh.ru/vacancy/28570127?query=%D0%BF%D1%80%D0%BE%D0%B3%D1%80%D0%B0%D0%BC%D0%BC%D0%B8%D1%81%D1%82
Программист 1 С,,https://rostov.hh.ru/vacancy/28871871?query=%D0%BF%D1%80%D0%BE%D0%B3%D1%80%D0%B0%D0%BC%D0%BC%D0%B8%D1%81%D1%82
Программист 1С (junior),15 000-45 000 руб.,https://career.ru/vacancy/25656500?query=%D0%BF%D1%80%D0%BE%D0%B3%D1%80%D0%B0%D0%BC%D0%BC%D0%B8%D1%81%D1%82
Senior Go Developer,,https://rostov.hh.ru/vacancy/27564073?query=%D0%BF%D1%80%D0%BE%D0%B3%D1%80%D0%B0%D0%BC%D0%BC%D0%B8%D1%81%D1%82
Senior Android developer,100 000-150 000 руб.,https://rostov.hh.ru/vacancy/28877448?query=%D0%BF%D1%80%D0%BE%D0%B3%D1%80%D0%B0%D0%BC%D0%BC%D0%B8%D1%81%D1%82
Младший веб-программист,от 20 000 руб.,https://career.ru/vacancy/28870309?query=%D0%BF%D1%80%D0%BE%D0%B3%D1%80%D0%B0%D0%BC%D0%BC%D0%B8%D1%81%D1%82
RRP Development Executive/Специалист по продажам,,https://rostov.hh.ru/vacancy/28320448?query=%D0%BF%D1%80%D0%BE%D0%B3%D1%80%D0%B0%D0%BC%D0%BC%D0%B8%D1%81%D1%82
RRP Development Executive / Специалист по продажам,,https://rostov.hh.ru/vacancy/28334060?query=%D0%BF%D1%80%D0%BE%D0%B3%D1%80%D0%B0%D0%BC%D0%BC%D0%B8%D1%81%D1%82
Программист 1C,40 000-100 000 руб.,https://rostov.hh.ru/vacancy/26549256?query=%D0%BF%D1%80%D0%BE%D0%B3%D1%80%D0%B0%D0%BC%D0%BC%D0%B8%D1%81%D1%82
Developer O'Script,,https://rostov.hh.ru/vacancy/28888097?query=%D0%BF%D1%80%D0%BE%D0%B3%D1%80%D0%B0%D0%BC%D0%BC%D0%B8%D1%81%D1%82
Программист-разработчик 1С,,https://rostov.hh.ru/vacancy/27833946?query=%D0%BF%D1%80%D0%BE%D0%B3%D1%80%D0%B0%D0%BC%D0%BC%D0%B8%D1%81%D1%82
Программист 1С / внедренец 1С,35 000-100 000 руб.,https://rostov.hh.ru/vacancy/26771775?query=%D0%BF%D1%80%D0%BE%D0%B3%D1%80%D0%B0%D0%BC%D0%BC%D0%B8%D1%81%D1%82
"Стажер программист (Битрикс, PHP, Backend)",до 40 000 руб.,https://career.ru/vacancy/28817741?query=%D0%BF%D1%80%D0%BE%D0%B3%D1%80%D0%B0%D0%BC%D0%BC%D0%B8%D1%81%D1%82
Программист 1С,,https://rostov.hh.ru/vacancy/28821265?query=%D0%BF%D1%80%D0%BE%D0%B3%D1%80%D0%B0%D0%BC%D0%BC%D0%B8%D1%81%D1%82
Консультант-программист 1С,50 000-70 000 руб.,https://rostov.hh.ru/vacancy/28046348?query=%D0%BF%D1%80%D0%BE%D0%B3%D1%80%D0%B0%D0%BC%D0%BC%D0%B8%D1%81%D1%82
Python Programmer (CI/CD) (Программист Python),,https://rostov.hh.ru/vacancy/28602850?query=%D0%BF%D1%80%D0%BE%D0%B3%D1%80%D0%B0%D0%BC%D0%BC%D0%B8%D1%81%D1%82
Программист-разработчик,30 000-120 000 руб.,https://rostov.hh.ru/vacancy/24784139?query=%D0%BF%D1%80%D0%BE%D0%B3%D1%80%D0%B0%D0%BC%D0%BC%D0%B8%D1%81%D1%82
Аналитик-программист,,https://rostov.hh.ru/vacancy/28244060?query=%D0%BF%D1%80%D0%BE%D0%B3%D1%80%D0%B0%D0%BC%D0%BC%D0%B8%D1%81%D1%82
Веб-программист Битрикс (middle/senior),60 000-90 000 руб.,https://rostov.hh.ru/vacancy/28826309?query=%D0%BF%D1%80%D0%BE%D0%B3%D1%80%D0%B0%D0%BC%D0%BC%D0%B8%D1%81%D1%82
Программист PHP (Ростов-на-Дону),от 80 000 руб.,https://rostov.hh.ru/vacancy/28852699?query=%D0%BF%D1%80%D0%BE%D0%B3%D1%80%D0%B0%D0%BC%D0%BC%D0%B8%D1%81%D1%82
Ведущий программист 1C,,https://rostov.hh.ru/vacancy/28594313?query=%D0%BF%D1%80%D0%BE%D0%B3%D1%80%D0%B0%D0%BC%D0%BC%D0%B8%D1%81%D1%82
Python/Django-разработчик,,https://rostov.hh.ru/vacancy/28337133?query=%D0%BF%D1%80%D0%BE%D0%B3%D1%80%D0%B0%D0%BC%D0%BC%D0%B8%D1%81%D1%82
Ведущий программист,,https://career.ru/vacancy/28809626?query=%D0%BF%D1%80%D0%BE%D0%B3%D1%80%D0%B0%D0%BC%D0%BC%D0%B8%D1%81%D1%82
Программист 1С,,https://rostov.hh.ru/vacancy/28789452?query=%D0%BF%D1%80%D0%BE%D0%B3%D1%80%D0%B0%D0%BC%D0%BC%D0%B8%D1%81%D1%82
Разработчик SharePoint,,https://rostov.hh.ru/vacancy/28863799?query=%D0%BF%D1%80%D0%BE%D0%B3%D1%80%D0%B0%D0%BC%D0%BC%D0%B8%D1%81%D1%82
Программист-стажер,от 12 000 руб.,https://career.ru/vacancy/28609727?query=%D0%BF%D1%80%D0%BE%D0%B3%D1%80%D0%B0%D0%BC%D0%BC%D0%B8%D1%81%D1%82
Middle/senior C# разработчик,,https://rostov.hh.ru/vacancy/28851236?query=%D0%BF%D1%80%D0%BE%D0%B3%D1%80%D0%B0%D0%BC%D0%BC%D0%B8%D1%81%D1%82
Ведущий программист 1С,,https://rostov.hh.ru/vacancy/28790641?query=%D0%BF%D1%80%D0%BE%D0%B3%D1%80%D0%B0%D0%BC%D0%BC%D0%B8%D1%81%D1%82
"Front-end-разработчик (JS, Angular)",,https://rostov.hh.ru/vacancy/28289204?query=%D0%BF%D1%80%D0%BE%D0%B3%D1%80%D0%B0%D0%BC%D0%BC%D0%B8%D1%81%D1%82
Business Development Manager/Менеджер по развитию бизнеса,,https://rostov.hh.ru/vacancy/26080519?query=%D0%BF%D1%80%D0%BE%D0%B3%D1%80%D0%B0%D0%BC%D0%BC%D0%B8%D1%81%D1%82
Senior Backend PHP Developer,90 000-150 000 руб.,https://rostov.hh.ru/vacancy/28866893?query=%D0%BF%D1%80%D0%BE%D0%B3%D1%80%D0%B0%D0%BC%D0%BC%D0%B8%D1%81%D1%82
Программист 1С,,https://rostov.hh.ru/vacancy/28531938?query=%D0%BF%D1%80%D0%BE%D0%B3%D1%80%D0%B0%D0%BC%D0%BC%D0%B8%D1%81%D1%82
Web-разработчик,25 000-50 000 руб.,https://rostov.hh.ru/vacancy/28411881?query=%D0%BF%D1%80%D0%BE%D0%B3%D1%80%D0%B0%D0%BC%D0%BC%D0%B8%D1%81%D1%82
Angular-разработчик,60 000-100 000 руб.,https://rostov.hh.ru/vacancy/28840266?query=%D0%BF%D1%80%D0%BE%D0%B3%D1%80%D0%B0%D0%BC%D0%BC%D0%B8%D1%81%D1%82
Программист 1С,,https://career.ru/vacancy/28720669?query=%D0%BF%D1%80%D0%BE%D0%B3%D1%80%D0%B0%D0%BC%D0%BC%D0%B8%D1%81%D1%82
Ведущий веб-разработчик (team lead php),100 000-150 000 руб.,https://rostov.hh.ru/vacancy/28852770?query=%D0%BF%D1%80%D0%BE%D0%B3%D1%80%D0%B0%D0%BC%D0%BC%D0%B8%D1%81%D1%82
Business Development Manager/Менеджер по развитию бизнеса (склад),,https://rostov.hh.ru/vacancy/27895516?query=%D0%BF%D1%80%D0%BE%D0%B3%D1%80%D0%B0%D0%BC%D0%BC%D0%B8%D1%81%D1%82
Middle/Senior Android-разработчик,50 000-100 000 руб.,https://rostov.hh.ru/vacancy/28839368?query=%D0%BF%D1%80%D0%BE%D0%B3%D1%80%D0%B0%D0%BC%D0%BC%D0%B8%D1%81%D1%82
Программист 1С (8.3),до 90 000 руб.,https://rostov.hh.ru/vacancy/27394042?query=%D0%BF%D1%80%D0%BE%D0%B3%D1%80%D0%B0%D0%BC%D0%BC%D0%B8%D1%81%D1%82
Scala Developer,,https://rostov.hh.ru/vacancy/24883125?query=%D0%BF%D1%80%D0%BE%D0%B3%D1%80%D0%B0%D0%BC%D0%BC%D0%B8%D1%81%D1%82
Программист 1C,52 000-52 000 руб.,https://rostov.hh.ru/vacancy/28639566?query=%D0%BF%D1%80%D0%BE%D0%B3%D1%80%D0%B0%D0%BC%D0%BC%D0%B8%D1%81%D1%82
Ассистент разработчика сайтов/web-дизайнер,,https://career.ru/vacancy/28870833?query=%D0%BF%D1%80%D0%BE%D0%B3%D1%80%D0%B0%D0%BC%D0%BC%D0%B8%D1%81%D1%82
Ведущий программист 1С,50 000-100 000 руб.,https://rostov.hh.ru/vacancy/25988330?query=%D0%BF%D1%80%D0%BE%D0%B3%D1%80%D0%B0%D0%BC%D0%BC%D0%B8%D1%81%D1%82
Программист 1C,,https://rostov.hh.ru/vacancy/28264590?query=%D0%BF%D1%80%D0%BE%D0%B3%D1%80%D0%B0%D0%BC%D0%BC%D0%B8%D1%81%D1%82
Стажер-разработчик SAP,,https://career.ru/vacancy/27642003?query=%D0%BF%D1%80%D0%BE%D0%B3%D1%80%D0%B0%D0%BC%D0%BC%D0%B8%D1%81%D1%82
Senior Java-developer,,https://rostov.hh.ru/vacancy/28399975?query=%D0%BF%D1%80%D0%BE%D0%B3%D1%80%D0%B0%D0%BC%D0%BC%D0%B8%D1%81%D1%82
Старший веб-программист,30 000-50 000 руб.,https://career.ru/vacancy/27180742?query=%D0%BF%D1%80%D0%BE%D0%B3%D1%80%D0%B0%D0%BC%D0%BC%D0%B8%D1%81%D1%82
Frontend-разработчик,60 000-100 000 руб.,https://rostov.hh.ru/vacancy/28827021?query=%D0%BF%D1%80%D0%BE%D0%B3%D1%80%D0%B0%D0%BC%D0%BC%D0%B8%D1%81%D1%82
Python Developer,,https://rostov.hh.ru/vacancy/24466635?query=%D0%BF%D1%80%D0%BE%D0%B3%D1%80%D0%B0%D0%BC%D0%BC%D0%B8%D1%81%D1%82
Инженер-разработчик (.Net/FullStack),,https://rostov.hh.ru/vacancy/28803238?query=%D0%BF%D1%80%D0%BE%D0%B3%D1%80%D0%B0%D0%BC%D0%BC%D0%B8%D1%81%D1%82
Front / Back-end Web Developer,,https://rostov.hh.ru/vacancy/28824765?query=%D0%BF%D1%80%D0%BE%D0%B3%D1%80%D0%B0%D0%BC%D0%BC%D0%B8%D1%81%D1%82
Программист 1С (розница),от 55 000 руб.,https://rostov.hh.ru/vacancy/28014205?query=%D0%BF%D1%80%D0%BE%D0%B3%D1%80%D0%B0%D0%BC%D0%BC%D0%B8%D1%81%D1%82
Backend- разработчик,30 000-120 000 руб.,https://rostov.hh.ru/vacancy/26829784?query=%D0%BF%D1%80%D0%BE%D0%B3%D1%80%D0%B0%D0%BC%D0%BC%D0%B8%D1%81%D1%82
Программист 1С БГУ/ЗКГУ,до 100 000 руб.,https://rostov.hh.ru/vacancy/24954991?query=%D0%BF%D1%80%D0%BE%D0%B3%D1%80%D0%B0%D0%BC%D0%BC%D0%B8%D1%81%D1%82
Senior PHP/MySQL developer,от 150 000 руб.,https://rostov.hh.ru/vacancy/23817352?query=%D0%BF%D1%80%D0%BE%D0%B3%D1%80%D0%B0%D0%BC%D0%BC%D0%B8%D1%81%D1%82
IOS Developer,,https://rostov.hh.ru/vacancy/26587584?query=%D0%BF%D1%80%D0%BE%D0%B3%D1%80%D0%B0%D0%BC%D0%BC%D0%B8%D1%81%D1%82
Ведущий программист ABAP (SAP),,https://rostov.hh.ru/vacancy/28708116?query=%D0%BF%D1%80%D0%BE%D0%B3%D1%80%D0%B0%D0%BC%D0%BC%D0%B8%D1%81%D1%82
Senior Android Developer,,https://rostov.hh.ru/vacancy/24807076?query=%D0%BF%D1%80%D0%BE%D0%B3%D1%80%D0%B0%D0%BC%D0%BC%D0%B8%D1%81%D1%82
Android developer,,https://rostov.hh.ru/vacancy/28816551?query=%D0%BF%D1%80%D0%BE%D0%B3%D1%80%D0%B0%D0%BC%D0%BC%D0%B8%D1%81%D1%82
Разработчик Backend (Perl),от 60 000 руб.,https://rostov.hh.ru/vacancy/26895457?query=%D0%BF%D1%80%D0%BE%D0%B3%D1%80%D0%B0%D0%BC%D0%BC%D0%B8%D1%81%D1%82
Frontend developer,50 000-120 000 руб.,https://rostov.hh.ru/vacancy/24017350?query=%D0%BF%D1%80%D0%BE%D0%B3%D1%80%D0%B0%D0%BC%D0%BC%D0%B8%D1%81%D1%82
PHP/MySQL developer,70 000-100 000 руб.,https://rostov.hh.ru/vacancy/23817508?query=%D0%BF%D1%80%D0%BE%D0%B3%D1%80%D0%B0%D0%BC%D0%BC%D0%B8%D1%81%D1%82
Frontend-разработчик,30 000-120 000 руб.,https://rostov.hh.ru/vacancy/24784278?query=%D0%BF%D1%80%D0%BE%D0%B3%D1%80%D0%B0%D0%BC%D0%BC%D0%B8%D1%81%D1%82
Ведущий инженер-программист,,https://rostov.hh.ru/vacancy/28286481?query=%D0%BF%D1%80%D0%BE%D0%B3%D1%80%D0%B0%D0%BC%D0%BC%D0%B8%D1%81%D1%82
Unity-разработчик,,https://rostov.hh.ru/vacancy/27624624?query=%D0%BF%D1%80%D0%BE%D0%B3%D1%80%D0%B0%D0%BC%D0%BC%D0%B8%D1%81%D1%82
Frontend-разработчик,,https://rostov.hh.ru/vacancy/28786363?query=%D0%BF%D1%80%D0%BE%D0%B3%D1%80%D0%B0%D0%BC%D0%BC%D0%B8%D1%81%D1%82
Java-разработчик,30 000-120 000 руб.,https://rostov.hh.ru/vacancy/25244028?query=%D0%BF%D1%80%D0%BE%D0%B3%D1%80%D0%B0%D0%BC%D0%BC%D0%B8%D1%81%D1%82
Разработчик (python),,https://rostov.hh.ru/vacancy/27394017?query=%D0%BF%D1%80%D0%BE%D0%B3%D1%80%D0%B0%D0%BC%D0%BC%D0%B8%D1%81%D1%82
Android developer / Middle/Senior разработчик,от 100 000 руб.,https://rostov.hh.ru/vacancy/28680816?query=%D0%BF%D1%80%D0%BE%D0%B3%D1%80%D0%B0%D0%BC%D0%BC%D0%B8%D1%81%D1%82
Инженер-разработчик (React.js + Node.js + Express.js),,https://rostov.hh.ru/vacancy/28765879?query=%D0%BF%D1%80%D0%BE%D0%B3%D1%80%D0%B0%D0%BC%D0%BC%D0%B8%D1%81%D1%82
Программист PHP,50 000-130 000 руб.,https://rostov.hh.ru/vacancy/28704847?query=%D0%BF%D1%80%D0%BE%D0%B3%D1%80%D0%B0%D0%BC%D0%BC%D0%B8%D1%81%D1%82
Программист-стажер,16 000-25 000 руб.,https://career.ru/vacancy/28240818?query=%D0%BF%D1%80%D0%BE%D0%B3%D1%80%D0%B0%D0%BC%D0%BC%D0%B8%D1%81%D1%82
Программист,30 000-60 000 руб.,https://rostov.hh.ru/vacancy/28680677?query=%D0%BF%D1%80%D0%BE%D0%B3%D1%80%D0%B0%D0%BC%D0%BC%D0%B8%D1%81%D1%82
Программист С#,от 74 000 руб.,https://rostov.hh.ru/vacancy/28716336?query=%D0%BF%D1%80%D0%BE%D0%B3%D1%80%D0%B0%D0%BC%D0%BC%D0%B8%D1%81%D1%82
PHP Developer,,https://rostov.hh.ru/vacancy/28687788?query=%D0%BF%D1%80%D0%BE%D0%B3%D1%80%D0%B0%D0%BC%D0%BC%D0%B8%D1%81%D1%82
Erlang Developer,,https://rostov.hh.ru/vacancy/22973067?query=%D0%BF%D1%80%D0%BE%D0%B3%D1%80%D0%B0%D0%BC%D0%BC%D0%B8%D1%81%D1%82
Инженер-программист линии поверхностного монтажа,18 000-18 000 руб.,https://rostov.hh.ru/vacancy/28800382?query=%D0%BF%D1%80%D0%BE%D0%B3%D1%80%D0%B0%D0%BC%D0%BC%D0%B8%D1%81%D1%82
Старший back-end разработчик,,https://rostov.hh.ru/vacancy/28690091?query=%D0%BF%D1%80%D0%BE%D0%B3%D1%80%D0%B0%D0%BC%D0%BC%D0%B8%D1%81%D1%82
Инженер-программист микроконтроллеров,35 000-40 000 руб.,https://rostov.hh.ru/vacancy/28739100?query=%D0%BF%D1%80%D0%BE%D0%B3%D1%80%D0%B0%D0%BC%D0%BC%D0%B8%D1%81%D1%82
Программист-разработчик,,https://rostov.hh.ru/vacancy/28690674?query=%D0%BF%D1%80%D0%BE%D0%B3%D1%80%D0%B0%D0%BC%D0%BC%D0%B8%D1%81%D1%82
Программист С++ в отдел облачной инфраструктуры Поиска Яндекса,,https://rostov.hh.ru/vacancy/28782020?query=%D0%BF%D1%80%D0%BE%D0%B3%D1%80%D0%B0%D0%BC%D0%BC%D0%B8%D1%81%D1%82
Ведущий разработчик iOS,от 80 000 руб.,https://rostov.hh.ru/vacancy/25818189?query=%D0%BF%D1%80%D0%BE%D0%B3%D1%80%D0%B0%D0%BC%D0%BC%D0%B8%D1%81%D1%82
WEB программист,45 000-65 000 руб.,https://rostov.hh.ru/vacancy/28696914?query=%D0%BF%D1%80%D0%BE%D0%B3%D1%80%D0%B0%D0%BC%D0%BC%D0%B8%D1%81%D1%82
Разработчик настольных игр,от 30 000 руб.,https://rostov.hh.ru/vacancy/28788072?query=%D0%BF%D1%80%D0%BE%D0%B3%D1%80%D0%B0%D0%BC%D0%BC%D0%B8%D1%81%D1%82
Magento/Magento2 developer,,https://rostov.hh.ru/vacancy/24179595?query=%D0%BF%D1%80%D0%BE%D0%B3%D1%80%D0%B0%D0%BC%D0%BC%D0%B8%D1%81%D1%82
Frontend-разработчик,25 000-50 000 руб.,https://rostov.hh.ru/vacancy/28756125?query=%D0%BF%D1%80%D0%BE%D0%B3%D1%80%D0%B0%D0%BC%D0%BC%D0%B8%D1%81%D1%82
Senior developer (backend-разработчик),,https://rostov.hh.ru/vacancy/28399954?query=%D0%BF%D1%80%D0%BE%D0%B3%D1%80%D0%B0%D0%BC%D0%BC%D0%B8%D1%81%D1%82
Программист 1С,от 50 000 руб.,https://rostov.hh.ru/vacancy/28649620?query=%D0%BF%D1%80%D0%BE%D0%B3%D1%80%D0%B0%D0%BC%D0%BC%D0%B8%D1%81%D1%82
Разработчик ETL процессов и отчётности/дэшбордов (DWH/BI),,https://rostov.hh.ru/vacancy/27866785?query=%D0%BF%D1%80%D0%BE%D0%B3%D1%80%D0%B0%D0%BC%D0%BC%D0%B8%D1%81%D1%82
Программист 1С,,https://rostov.hh.ru/vacancy/27193474?query=%D0%BF%D1%80%D0%BE%D0%B3%D1%80%D0%B0%D0%BC%D0%BC%D0%B8%D1%81%D1%82
Начинающий iOS-программист,,https://rostov.hh.ru/vacancy/28720806?query=%D0%BF%D1%80%D0%BE%D0%B3%D1%80%D0%B0%D0%BC%D0%BC%D0%B8%D1%81%D1%82
PHP программист / backend developer,65 000-100 000 руб.,https://rostov.hh.ru/vacancy/28647932?query=%D0%BF%D1%80%D0%BE%D0%B3%D1%80%D0%B0%D0%BC%D0%BC%D0%B8%D1%81%D1%82
Server-side программист,,https://rostov.hh.ru/vacancy/28663311?query=%D0%BF%D1%80%D0%BE%D0%B3%D1%80%D0%B0%D0%BC%D0%BC%D0%B8%D1%81%D1%82
Разработчик игр на Unity 3D,20 000-40 000 руб.,https://career.ru/vacancy/28751822?query=%D0%BF%D1%80%D0%BE%D0%B3%D1%80%D0%B0%D0%BC%D0%BC%D0%B8%D1%81%D1%82
Разработчик 1С,от 70 000 руб.,https://rostov.hh.ru/vacancy/28721873?query=%D0%BF%D1%80%D0%BE%D0%B3%D1%80%D0%B0%D0%BC%D0%BC%D0%B8%D1%81%D1%82
Программист Python (прикладная математика),30 000-50 000 руб.,https://career.ru/vacancy/28225940?query=%D0%BF%D1%80%D0%BE%D0%B3%D1%80%D0%B0%D0%BC%D0%BC%D0%B8%D1%81%D1%82
"Front-end-разработчик (JS, React)",,https://rostov.hh.ru/vacancy/27724702?query=%D0%BF%D1%80%D0%BE%D0%B3%D1%80%D0%B0%D0%BC%D0%BC%D0%B8%D1%81%D1%82
Frontend-разработчик,от 40 000 руб.,https://rostov.hh.ru/vacancy/27472329?query=%D0%BF%D1%80%D0%BE%D0%B3%D1%80%D0%B0%D0%BC%D0%BC%D0%B8%D1%81%D1%82
Техник-программист 1С,70 000-70 000 руб.,https://rostov.hh.ru/vacancy/28660614?query=%D0%BF%D1%80%D0%BE%D0%B3%D1%80%D0%B0%D0%BC%D0%BC%D0%B8%D1%81%D1%82
Программист 1С (Стажер),,https://career.ru/vacancy/28478333?query=%D0%BF%D1%80%D0%BE%D0%B3%D1%80%D0%B0%D0%BC%D0%BC%D0%B8%D1%81%D1%82
.Net разработчик,,https://rostov.hh.ru/vacancy/28158139?query=%D0%BF%D1%80%D0%BE%D0%B3%D1%80%D0%B0%D0%BC%D0%BC%D0%B8%D1%81%D1%82
Senior Android Developer,125 000-250 000 руб.,https://rostov.hh.ru/vacancy/28751422?query=%D0%BF%D1%80%D0%BE%D0%B3%D1%80%D0%B0%D0%BC%D0%BC%D0%B8%D1%81%D1%82
Web-разработчик,от 80 000 руб.,https://rostov.hh.ru/vacancy/27652434?query=%D0%BF%D1%80%D0%BE%D0%B3%D1%80%D0%B0%D0%BC%D0%BC%D0%B8%D1%81%D1%82
Go Developer,,https://rostov.hh.ru/vacancy/24807062?query=%D0%BF%D1%80%D0%BE%D0%B3%D1%80%D0%B0%D0%BC%D0%BC%D0%B8%D1%81%D1%82
Программист 1С / Внедренец,от 75 000 руб.,https://rostov.hh.ru/vacancy/28175175?query=%D0%BF%D1%80%D0%BE%D0%B3%D1%80%D0%B0%D0%BC%D0%BC%D0%B8%D1%81%D1%82
Начинающий web-разработчик,,https://career.ru/vacancy/28732973?query=%D0%BF%D1%80%D0%BE%D0%B3%D1%80%D0%B0%D0%BC%D0%BC%D0%B8%D1%81%D1%82
Разработчик ETL,,https://rostov.hh.ru/vacancy/28722595?query=%D0%BF%D1%80%D0%BE%D0%B3%D1%80%D0%B0%D0%BC%D0%BC%D0%B8%D1%81%D1%82
Front-end Developer,70 000-150 000 руб.,https://rostov.hh.ru/vacancy/28746475?query=%D0%BF%D1%80%D0%BE%D0%B3%D1%80%D0%B0%D0%BC%D0%BC%D0%B8%D1%81%D1%82
Разработчик Ruby on Rails или Elixir/Phoenix,,https://rostov.hh.ru/vacancy/28687072?query=%D0%BF%D1%80%D0%BE%D0%B3%D1%80%D0%B0%D0%BC%D0%BC%D0%B8%D1%81%D1%82
Ведущий инженер-программист (бортовая система),,https://rostov.hh.ru/vacancy/28008363?query=%D0%BF%D1%80%D0%BE%D0%B3%D1%80%D0%B0%D0%BC%D0%BC%D0%B8%D1%81%D1%82
Программист 1C,,https://rostov.hh.ru/vacancy/28600087?query=%D0%BF%D1%80%D0%BE%D0%B3%D1%80%D0%B0%D0%BC%D0%BC%D0%B8%D1%81%D1%82
Python Django разработчик,25 000-80 000 руб.,https://rostov.hh.ru/vacancy/28774306?query=%D0%BF%D1%80%D0%BE%D0%B3%D1%80%D0%B0%D0%BC%D0%BC%D0%B8%D1%81%D1%82
JavaScript Разработчик,,https://rostov.hh.ru/vacancy/28658504?query=%D0%BF%D1%80%D0%BE%D0%B3%D1%80%D0%B0%D0%BC%D0%BC%D0%B8%D1%81%D1%82
Android разработчик,до 100 000 руб.,https://rostov.hh.ru/vacancy/28666098?query=%D0%BF%D1%80%D0%BE%D0%B3%D1%80%D0%B0%D0%BC%D0%BC%D0%B8%D1%81%D1%82
Java-разработчик,,https://rostov.hh.ru/vacancy/28659486?query=%D0%BF%D1%80%D0%BE%D0%B3%D1%80%D0%B0%D0%BC%D0%BC%D0%B8%D1%81%D1%82
Java Senior developer,,https://rostov.hh.ru/vacancy/28703391?query=%D0%BF%D1%80%D0%BE%D0%B3%D1%80%D0%B0%D0%BC%D0%BC%D0%B8%D1%81%D1%82
Senior Java-Web Developer / Старший Java-Web разработчик,,https://rostov.hh.ru/vacancy/22826016?query=%D0%BF%D1%80%D0%BE%D0%B3%D1%80%D0%B0%D0%BC%D0%BC%D0%B8%D1%81%D1%82
Бизнес-аналитик / Программист 1С,от 65 000 руб.,https://rostov.hh.ru/vacancy/28225141?query=%D0%BF%D1%80%D0%BE%D0%B3%D1%80%D0%B0%D0%BC%D0%BC%D0%B8%D1%81%D1%82
Руководитель отдела внедрения / ведущий программист 1С,60 000-80 000 руб.,https://rostov.hh.ru/vacancy/28649606?query=%D0%BF%D1%80%D0%BE%D0%B3%D1%80%D0%B0%D0%BC%D0%BC%D0%B8%D1%81%D1%82
WEB-программист (веб-программист),20 000-30 000 руб.,https://rostov.hh.ru/vacancy/28567750?query=%D0%BF%D1%80%D0%BE%D0%B3%D1%80%D0%B0%D0%BC%D0%BC%D0%B8%D1%81%D1%82
IOS разработчик,до 100 000 руб.,https://rostov.hh.ru/vacancy/28666122?query=%D0%BF%D1%80%D0%BE%D0%B3%D1%80%D0%B0%D0%BC%D0%BC%D0%B8%D1%81%D1%82
Ruby разработчик,,https://rostov.hh.ru/vacancy/28656193?query=%D0%BF%D1%80%D0%BE%D0%B3%D1%80%D0%B0%D0%BC%D0%BC%D0%B8%D1%81%D1%82
WPF/UWP developer,60 000-140 000 руб.,https://rostov.hh.ru/vacancy/28686830?query=%D0%BF%D1%80%D0%BE%D0%B3%D1%80%D0%B0%D0%BC%D0%BC%D0%B8%D1%81%D1%82
Программист 1С,,https://rostov.hh.ru/vacancy/28603160?query=%D0%BF%D1%80%D0%BE%D0%B3%D1%80%D0%B0%D0%BC%D0%BC%D0%B8%D1%81%D1%82
Программист 1С,от 50 000 руб.,https://rostov.hh.ru/vacancy/28588501?query=%D0%BF%D1%80%D0%BE%D0%B3%D1%80%D0%B0%D0%BC%D0%BC%D0%B8%D1%81%D1%82
Frontend-разработчик,20 000-40 000 руб.,https://rostov.hh.ru/vacancy/28650293?query=%D0%BF%D1%80%D0%BE%D0%B3%D1%80%D0%B0%D0%BC%D0%BC%D0%B8%D1%81%D1%82
Full-Stack developer,,https://rostov.hh.ru/vacancy/28652733?query=%D0%BF%D1%80%D0%BE%D0%B3%D1%80%D0%B0%D0%BC%D0%BC%D0%B8%D1%81%D1%82
Программист 1С,50 000-90 000 руб.,https://rostov.hh.ru/vacancy/28569974?query=%D0%BF%D1%80%D0%BE%D0%B3%D1%80%D0%B0%D0%BC%D0%BC%D0%B8%D1%81%D1%82
Java Developer (Backend),,https://rostov.hh.ru/vacancy/24294016?query=%D0%BF%D1%80%D0%BE%D0%B3%D1%80%D0%B0%D0%BC%D0%BC%D0%B8%D1%81%D1%82
Front-end developer (REACT),,https://rostov.hh.ru/vacancy/28270255?query=%D0%BF%D1%80%D0%BE%D0%B3%D1%80%D0%B0%D0%BC%D0%BC%D0%B8%D1%81%D1%82
Программист-разработчик (стажер),20 000-25 000 руб.,https://career.ru/vacancy/28550425?query=%D0%BF%D1%80%D0%BE%D0%B3%D1%80%D0%B0%D0%BC%D0%BC%D0%B8%D1%81%D1%82
Senior Dynamics CRM developer,,https://rostov.hh.ru/vacancy/28685604?query=%D0%BF%D1%80%D0%BE%D0%B3%D1%80%D0%B0%D0%BC%D0%BC%D0%B8%D1%81%D1%82
Программист PHP,25 000-65 000 руб.,https://career.ru/vacancy/28502948?query=%D0%BF%D1%80%D0%BE%D0%B3%D1%80%D0%B0%D0%BC%D0%BC%D0%B8%D1%81%D1%82
"Программист / Разработчик игр (Unity3D, .NET, C#)",до 70 000 руб.,https://rostov.hh.ru/vacancy/28566545?query=%D0%BF%D1%80%D0%BE%D0%B3%D1%80%D0%B0%D0%BC%D0%BC%D0%B8%D1%81%D1%82
Программист-разработчик (мидл),60 000-75 000 руб.,https://rostov.hh.ru/vacancy/28550456?query=%D0%BF%D1%80%D0%BE%D0%B3%D1%80%D0%B0%D0%BC%D0%BC%D0%B8%D1%81%D1%82
Программист 1С 8.3,от 50 000 руб.,https://rostov.hh.ru/vacancy/28509026?query=%D0%BF%D1%80%D0%BE%D0%B3%D1%80%D0%B0%D0%BC%D0%BC%D0%B8%D1%81%D1%82
Программист-разработчик (Джуниор),40 000-45 000 руб.,https://rostov.hh.ru/vacancy/28550364?query=%D0%BF%D1%80%D0%BE%D0%B3%D1%80%D0%B0%D0%BC%D0%BC%D0%B8%D1%81%D1%82
Программист,от 50 000 руб.,https://rostov.hh.ru/vacancy/28494933?query=%D0%BF%D1%80%D0%BE%D0%B3%D1%80%D0%B0%D0%BC%D0%BC%D0%B8%D1%81%D1%82
Программист-разработчик 1С,,https://rostov.hh.ru/vacancy/28465787?query=%D0%BF%D1%80%D0%BE%D0%B3%D1%80%D0%B0%D0%BC%D0%BC%D0%B8%D1%81%D1%82
Junior front-end разработчик,от 35 000 руб.,https://rostov.hh.ru/vacancy/28618570?query=%D0%BF%D1%80%D0%BE%D0%B3%D1%80%D0%B0%D0%BC%D0%BC%D0%B8%D1%81%D1%82
PHP-программист,от 50 000 руб.,https://rostov.hh.ru/vacancy/28102584?query=%D0%BF%D1%80%D0%BE%D0%B3%D1%80%D0%B0%D0%BC%D0%BC%D0%B8%D1%81%D1%82
Web программист / Html-верстальщик,от 40 000 руб.,https://rostov.hh.ru/vacancy/28112832?query=%D0%BF%D1%80%D0%BE%D0%B3%D1%80%D0%B0%D0%BC%D0%BC%D0%B8%D1%81%D1%82
Java-разработчик,,https://rostov.hh.ru/vacancy/28559095?query=%D0%BF%D1%80%D0%BE%D0%B3%D1%80%D0%B0%D0%BC%D0%BC%D0%B8%D1%81%D1%82
Веб-программист,35 000-70 000 руб.,https://rostov.hh.ru/vacancy/27988720?query=%D0%BF%D1%80%D0%BE%D0%B3%D1%80%D0%B0%D0%BC%D0%BC%D0%B8%D1%81%D1%82
Middle разработчик С++ embedded,60 000-75 000 руб.,https://rostov.hh.ru/vacancy/28550509?query=%D0%BF%D1%80%D0%BE%D0%B3%D1%80%D0%B0%D0%BC%D0%BC%D0%B8%D1%81%D1%82
Программист 1С/стажёр,от 30 000 руб.,https://rostov.hh.ru/vacancy/28473915?query=%D0%BF%D1%80%D0%BE%D0%B3%D1%80%D0%B0%D0%BC%D0%BC%D0%B8%D1%81%D1%82
Vue.js разработчик,,https://rostov.hh.ru/vacancy/28090269?query=%D0%BF%D1%80%D0%BE%D0%B3%D1%80%D0%B0%D0%BC%D0%BC%D0%B8%D1%81%D1%82
Инженер-разработчик (Clojure),,https://rostov.hh.ru/vacancy/28567655?query=%D0%BF%D1%80%D0%BE%D0%B3%D1%80%D0%B0%D0%BC%D0%BC%D0%B8%D1%81%D1%82
Разработчик,,https://rostov.hh.ru/vacancy/28532241?query=%D0%BF%D1%80%D0%BE%D0%B3%D1%80%D0%B0%D0%BC%D0%BC%D0%B8%D1%81%D1%82
Java Full Stack Developer (Internal Development),,https://rostov.hh.ru/vacancy/28115784?query=%D0%BF%D1%80%D0%BE%D0%B3%D1%80%D0%B0%D0%BC%D0%BC%D0%B8%D1%81%D1%82
Программист стажер C# (Junior .NET Developer),от 30 000 руб.,https://rostov.hh.ru/vacancy/28479582?query=%D0%BF%D1%80%D0%BE%D0%B3%D1%80%D0%B0%D0%BC%D0%BC%D0%B8%D1%81%D1%82
Инженер-программист АСУ ТП,,https://rostov.hh.ru/vacancy/28457471?query=%D0%BF%D1%80%D0%BE%D0%B3%D1%80%D0%B0%D0%BC%D0%BC%D0%B8%D1%81%D1%82
Go developer (Minsk/Vilnius),,https://rostov.hh.ru/vacancy/28597473?query=%D0%BF%D1%80%D0%BE%D0%B3%D1%80%D0%B0%D0%BC%D0%BC%D0%B8%D1%81%D1%82
Разработчик ETL,,https://rostov.hh.ru/vacancy/28511772?query=%D0%BF%D1%80%D0%BE%D0%B3%D1%80%D0%B0%D0%BC%D0%BC%D0%B8%D1%81%D1%82
Go Developer,,https://rostov.hh.ru/vacancy/28548778?query=%D0%BF%D1%80%D0%BE%D0%B3%D1%80%D0%B0%D0%BC%D0%BC%D0%B8%D1%81%D1%82
Программист 1С,от 68 900 руб.,https://rostov.hh.ru/vacancy/28501157?query=%D0%BF%D1%80%D0%BE%D0%B3%D1%80%D0%B0%D0%BC%D0%BC%D0%B8%D1%81%D1%82
Middle frontend разработчик (ReactJS),60 000-75 000 руб.,https://rostov.hh.ru/vacancy/28550492?query=%D0%BF%D1%80%D0%BE%D0%B3%D1%80%D0%B0%D0%BC%D0%BC%D0%B8%D1%81%D1%82
Разработчик 1С,,https://rostov.hh.ru/vacancy/28494320?query=%D0%BF%D1%80%D0%BE%D0%B3%D1%80%D0%B0%D0%BC%D0%BC%D0%B8%D1%81%D1%82
PHP - разработчик,90 000-120 000 руб.,https://rostov.hh.ru/vacancy/28492057?query=%D0%BF%D1%80%D0%BE%D0%B3%D1%80%D0%B0%D0%BC%D0%BC%D0%B8%D1%81%D1%82
Системный разработчик DWH,,https://rostov.hh.ru/vacancy/27819034?query=%D0%BF%D1%80%D0%BE%D0%B3%D1%80%D0%B0%D0%BC%D0%BC%D0%B8%D1%81%D1%82
Senior C# .NET WPF WCF разработчик,90 000-130 000 руб.,https://rostov.hh.ru/vacancy/28437917?query=%D0%BF%D1%80%D0%BE%D0%B3%D1%80%D0%B0%D0%BC%D0%BC%D0%B8%D1%81%D1%82
Программист 1С: Комплексная автоматизация 2,,https://rostov.hh.ru/vacancy/28438598?query=%D0%BF%D1%80%D0%BE%D0%B3%D1%80%D0%B0%D0%BC%D0%BC%D0%B8%D1%81%D1%82
Старший разработчик 1C,,https://rostov.hh.ru/vacancy/28493383?query=%D0%BF%D1%80%D0%BE%D0%B3%D1%80%D0%B0%D0%BC%D0%BC%D0%B8%D1%81%D1%82
Android разработчик (стажер),20 000-30 000 руб.,https://career.ru/vacancy/28445378?query=%D0%BF%D1%80%D0%BE%D0%B3%D1%80%D0%B0%D0%BC%D0%BC%D0%B8%D1%81%D1%82
"Разработчик ПО электронно-программируемых электрических систем, связанных с безопасностью",60 000-120 000 руб.,https://rostov.hh.ru/vacancy/28515697?query=%D0%BF%D1%80%D0%BE%D0%B3%D1%80%D0%B0%D0%BC%D0%BC%D0%B8%D1%81%D1%82
Frontend-разработчик (стажер),20 000-30 000 руб.,https://career.ru/vacancy/28445514?query=%D0%BF%D1%80%D0%BE%D0%B3%D1%80%D0%B0%D0%BC%D0%BC%D0%B8%D1%81%D1%82
Аналитик-программист (специалист по бонусной программе),от 45 000 руб.,https://rostov.hh.ru/vacancy/28449612?query=%D0%BF%D1%80%D0%BE%D0%B3%D1%80%D0%B0%D0%BC%D0%BC%D0%B8%D1%81%D1%82
Management Trainee in Customer Development (Sales) Department,до 100 000 руб.,https://career.ru/vacancy/24614011?query=%D0%BF%D1%80%D0%BE%D0%B3%D1%80%D0%B0%D0%BC%D0%BC%D0%B8%D1%81%D1%82
Android developer,45 000-60 000 руб.,https://career.ru/vacancy/28630142?query=%D0%BF%D1%80%D0%BE%D0%B3%D1%80%D0%B0%D0%BC%D0%BC%D0%B8%D1%81%D1%82
PHP-разработчик,70 000-100 000 руб.,https://rostov.hh.ru/vacancy/28491084?query=%D0%BF%D1%80%D0%BE%D0%B3%D1%80%D0%B0%D0%BC%D0%BC%D0%B8%D1%81%D1%82
IOS разработчик (стажер),20 000-30 000 руб.,https://career.ru/vacancy/28445308?query=%D0%BF%D1%80%D0%BE%D0%B3%D1%80%D0%B0%D0%BC%D0%BC%D0%B8%D1%81%D1%82
Разработчик RPA,от 100 000 руб.,https://career.ru/vacancy/27993844?query=%D0%BF%D1%80%D0%BE%D0%B3%D1%80%D0%B0%D0%BC%D0%BC%D0%B8%D1%81%D1%82
